{
    "affinity_pred_value": 2.0861353874206543,
    "affinity_probability_binary": 0.496112585067749,
    "affinity_pred_value1": 1.9006974697113037,
    "affinity_probability_binary1": 0.612080454826355,
    "affinity_pred_value2": 2.271573305130005,
    "affinity_probability_binary2": 0.38014471530914307
}