{
    "confidence_score": 0.9015211462974548,
    "ptm": 0.940191388130188,
    "iptm": 0.8385124802589417,
    "ligand_iptm": 0.8385124802589417,
    "protein_iptm": 0.0,
    "complex_plddt": 0.917273223400116,
    "complex_iplddt": 0.8542927503585815,
    "complex_pde": 1.3712408542633057,
    "complex_ipde": 7.330413341522217,
    "chains_ptm": {
        "0": 0.9482976794242859,
        "1": 0.9342074394226074,
        "2": 0.9846469759941101
    },
    "pair_chains_iptm": {
        "0": {
            "0": 0.9482976794242859,
            "1": 0.6726543307304382,
            "2": 0.17928001284599304
        },
        "1": {
            "0": 0.9115830659866333,
            "1": 0.9342074394226074,
            "2": 0.22299885749816895
        },
        "2": {
            "0": 0.5593038201332092,
            "1": 0.4318963587284088,
            "2": 0.9846469759941101
        }
    }
}