{
    "affinity_pred_value": 1.841030240058899,
    "affinity_probability_binary": 0.43274667859077454,
    "affinity_pred_value1": 2.011840343475342,
    "affinity_probability_binary1": 0.44943147897720337,
    "affinity_pred_value2": 1.670220136642456,
    "affinity_probability_binary2": 0.4160618782043457
}