{
    "confidence_score": 0.928167998790741,
    "ptm": 0.950484573841095,
    "iptm": 0.8970211148262024,
    "ligand_iptm": 0.8970211148262024,
    "protein_iptm": 0.0,
    "complex_plddt": 0.935954749584198,
    "complex_iplddt": 0.9199872612953186,
    "complex_pde": 0.9755899906158447,
    "complex_ipde": 4.400546073913574,
    "chains_ptm": {
        "0": 0.9546244144439697,
        "1": 0.8939645290374756,
        "2": 0.9804420471191406
    },
    "pair_chains_iptm": {
        "0": {
            "0": 0.9546244144439697,
            "1": 0.6912127733230591,
            "2": 0.41170504689216614
        },
        "1": {
            "0": 0.9230672121047974,
            "1": 0.8939645290374756,
            "2": 0.6610071659088135
        },
        "2": {
            "0": 0.7925651669502258,
            "1": 0.712623655796051,
            "2": 0.9804420471191406
        }
    }
}