{
    "affinity_pred_value": 2.1486032009124756,
    "affinity_probability_binary": 0.4296717047691345,
    "affinity_pred_value1": 2.141542911529541,
    "affinity_probability_binary1": 0.4866687059402466,
    "affinity_pred_value2": 2.15566349029541,
    "affinity_probability_binary2": 0.37267470359802246
}