{
    "confidence_score": 0.9264964461326599,
    "ptm": 0.9482259750366211,
    "iptm": 0.9122162461280823,
    "ligand_iptm": 0.9122162461280823,
    "protein_iptm": 0.0,
    "complex_plddt": 0.9300664663314819,
    "complex_iplddt": 0.8986632823944092,
    "complex_pde": 0.9013881683349609,
    "complex_ipde": 4.022312641143799,
    "chains_ptm": {
        "0": 0.9511792063713074,
        "1": 0.9280703663825989,
        "2": 0.9837759137153625
    },
    "pair_chains_iptm": {
        "0": {
            "0": 0.9511792063713074,
            "1": 0.7206335067749023,
            "2": 0.38817083835601807
        },
        "1": {
            "0": 0.9428180456161499,
            "1": 0.9280703663825989,
            "2": 0.6452233195304871
        },
        "2": {
            "0": 0.8032158017158508,
            "1": 0.7218814492225647,
            "2": 0.9837759137153625
        }
    }
}