{
    "affinity_pred_value": 1.6552573442459106,
    "affinity_probability_binary": 0.34847885370254517,
    "affinity_pred_value1": 1.9775527715682983,
    "affinity_probability_binary1": 0.28790977597236633,
    "affinity_pred_value2": 1.332961916923523,
    "affinity_probability_binary2": 0.409047931432724
}