{
    "affinity_pred_value": 2.1686019897460938,
    "affinity_probability_binary": 0.4709551930427551,
    "affinity_pred_value1": 2.210787773132324,
    "affinity_probability_binary1": 0.57080078125,
    "affinity_pred_value2": 2.1264162063598633,
    "affinity_probability_binary2": 0.37110963463783264
}