{
    "confidence_score": 0.9200377464294434,
    "ptm": 0.9488294720649719,
    "iptm": 0.9354606866836548,
    "ligand_iptm": 0.9354606866836548,
    "protein_iptm": 0.0,
    "complex_plddt": 0.9161819815635681,
    "complex_iplddt": 0.886310875415802,
    "complex_pde": 0.6880847215652466,
    "complex_ipde": 2.7544901371002197,
    "chains_ptm": {
        "0": 0.9501093029975891,
        "1": 0.9300199151039124,
        "2": 0.9867568016052246
    },
    "pair_chains_iptm": {
        "0": {
            "0": 0.9501093029975891,
            "1": 0.7094907760620117,
            "2": 0.46012815833091736
        },
        "1": {
            "0": 0.9568933248519897,
            "1": 0.9300199151039124,
            "2": 0.7311945557594299
        },
        "2": {
            "0": 0.855506956577301,
            "1": 0.7960343360900879,
            "2": 0.9867568016052246
        }
    }
}