{
    "affinity_pred_value": 2.1184401512145996,
    "affinity_probability_binary": 0.5225179195404053,
    "affinity_pred_value1": 2.0164356231689453,
    "affinity_probability_binary1": 0.6744554042816162,
    "affinity_pred_value2": 2.220444917678833,
    "affinity_probability_binary2": 0.37058040499687195
}