{
    "confidence_score": 0.9195707440376282,
    "ptm": 0.9491998553276062,
    "iptm": 0.8999722599983215,
    "ligand_iptm": 0.8999722599983215,
    "protein_iptm": 0.0,
    "complex_plddt": 0.9244703054428101,
    "complex_iplddt": 0.9126796126365662,
    "complex_pde": 0.953589677810669,
    "complex_ipde": 4.654545307159424,
    "chains_ptm": {
        "0": 0.9532183408737183,
        "1": 0.9396533370018005,
        "2": 0.9845433235168457
    },
    "pair_chains_iptm": {
        "0": {
            "0": 0.9532183408737183,
            "1": 0.716742217540741,
            "2": 0.41327062249183655
        },
        "1": {
            "0": 0.9379949569702148,
            "1": 0.9396533370018005,
            "2": 0.6218148469924927
        },
        "2": {
            "0": 0.7556583881378174,
            "1": 0.6956465840339661,
            "2": 0.9845433235168457
        }
    }
}