{
    "affinity_pred_value": 2.0349719524383545,
    "affinity_probability_binary": 0.3946110010147095,
    "affinity_pred_value1": 2.2141900062561035,
    "affinity_probability_binary1": 0.4088696241378784,
    "affinity_pred_value2": 1.855753779411316,
    "affinity_probability_binary2": 0.3803523778915405
}