{
    "confidence_score": 0.920533299446106,
    "ptm": 0.9519449472427368,
    "iptm": 0.9189748167991638,
    "ligand_iptm": 0.9189748167991638,
    "protein_iptm": 0.0,
    "complex_plddt": 0.9209228754043579,
    "complex_iplddt": 0.8763886094093323,
    "complex_pde": 0.8323884010314941,
    "complex_ipde": 3.6930203437805176,
    "chains_ptm": {
        "0": 0.9545848965644836,
        "1": 0.9349007606506348,
        "2": 0.9859866499900818
    },
    "pair_chains_iptm": {
        "0": {
            "0": 0.9545848965644836,
            "1": 0.7082575559616089,
            "2": 0.44597959518432617
        },
        "1": {
            "0": 0.940848708152771,
            "1": 0.9349007606506348,
            "2": 0.7078829407691956
        },
        "2": {
            "0": 0.838767409324646,
            "1": 0.7693215608596802,
            "2": 0.9859866499900818
        }
    }
}