{
    "affinity_pred_value": 2.378648281097412,
    "affinity_probability_binary": 0.3722982704639435,
    "affinity_pred_value1": 2.4920544624328613,
    "affinity_probability_binary1": 0.3677053153514862,
    "affinity_pred_value2": 2.265242338180542,
    "affinity_probability_binary2": 0.37689122557640076
}