{
    "confidence_score": 0.9296298027038574,
    "ptm": 0.9485762119293213,
    "iptm": 0.9233707189559937,
    "ligand_iptm": 0.9233707189559937,
    "protein_iptm": 0.0,
    "complex_plddt": 0.9311946034431458,
    "complex_iplddt": 0.8995357155799866,
    "complex_pde": 0.716776430606842,
    "complex_ipde": 2.877027750015259,
    "chains_ptm": {
        "0": 0.9507641196250916,
        "1": 0.9182059168815613,
        "2": 0.988217294216156
    },
    "pair_chains_iptm": {
        "0": {
            "0": 0.9507641196250916,
            "1": 0.7115349173545837,
            "2": 0.5418976545333862
        },
        "1": {
            "0": 0.9341419339179993,
            "1": 0.9182059168815613,
            "2": 0.7842699885368347
        },
        "2": {
            "0": 0.8897612690925598,
            "1": 0.8392558693885803,
            "2": 0.988217294216156
        }
    }
}