{
    "confidence_score": 0.9222084283828735,
    "ptm": 0.9460604786872864,
    "iptm": 0.9057595729827881,
    "ligand_iptm": 0.9057595729827881,
    "protein_iptm": 0.0,
    "complex_plddt": 0.9263205528259277,
    "complex_iplddt": 0.8960208892822266,
    "complex_pde": 0.961237370967865,
    "complex_ipde": 4.5409674644470215,
    "chains_ptm": {
        "0": 0.9492083787918091,
        "1": 0.9416114687919617,
        "2": 0.9841732978820801
    },
    "pair_chains_iptm": {
        "0": {
            "0": 0.9492083787918091,
            "1": 0.7204506397247314,
            "2": 0.36907926201820374
        },
        "1": {
            "0": 0.9459888339042664,
            "1": 0.9416114687919617,
            "2": 0.5994302034378052
        },
        "2": {
            "0": 0.7585384845733643,
            "1": 0.6981436610221863,
            "2": 0.9841732978820801
        }
    }
}