{
    "affinity_pred_value": 2.0535383224487305,
    "affinity_probability_binary": 0.4854280352592468,
    "affinity_pred_value1": 2.148221492767334,
    "affinity_probability_binary1": 0.5929061770439148,
    "affinity_pred_value2": 1.9588552713394165,
    "affinity_probability_binary2": 0.37794986367225647
}