{
    "confidence_score": 0.9244278073310852,
    "ptm": 0.9500422477722168,
    "iptm": 0.9299262166023254,
    "ligand_iptm": 0.9299262166023254,
    "protein_iptm": 0.0,
    "complex_plddt": 0.9230532050132751,
    "complex_iplddt": 0.8898324370384216,
    "complex_pde": 0.7680539488792419,
    "complex_ipde": 3.2461256980895996,
    "chains_ptm": {
        "0": 0.9520076513290405,
        "1": 0.941123902797699,
        "2": 0.9879719018936157
    },
    "pair_chains_iptm": {
        "0": {
            "0": 0.9520076513290405,
            "1": 0.7176281213760376,
            "2": 0.5197924375534058
        },
        "1": {
            "0": 0.9485282301902771,
            "1": 0.941123902797699,
            "2": 0.7670405507087708
        },
        "2": {
            "0": 0.8635302782058716,
            "1": 0.8022991418838501,
            "2": 0.9879719018936157
        }
    }
}